{
    "monday":{
      "1":{
        "period":"1",
        "start":{"hour":9, "minute":28},
        "end":{"hour":10, "minute":0},
        "info":{}
      },
      "p1":{
        "period":"p1",
        "start":{"hour":10, "minute":0},
        "end":{"hour":10, "minute":3},
        "info":null
      },
      "2":{
        "period":"2",
        "start":{"hour":10, "minute":3},
        "end":{"hour":10, "minute":35},
        "info":{}
      },
      "p2":{
        "period":"p2",
        "start":{"hour":10, "minute":35},
        "end":{"hour":10, "minute":38},
        "info":null
      },
      "3":{
        "period":"3",
        "start":{"hour":10, "minute":38},
        "end":{"hour":11, "minute":10},
        "info":{}
      },
      "Break":{
        "period":"Break",
        "start":{"hour":11, "minute":10},
        "end":{"hour":11, "minute":20},
        "info":null
      },
      "p3":{
        "period":"p3",
        "start":{"hour":11, "minute":20},
        "end":{"hour":11, "minute":23},
        "info":null
      },
      "4":{
        "period":"4",
        "start":{"hour":11, "minute":23},
        "end":{"hour":11, "minute":55},
        "info":{}
      },
      "p4":{
        "period":"p4",
        "start":{"hour":11, "minute":55},
        "end":{"hour":11, "minute":58},
        "info":null
      },
      "5":{
        "period":"5",
        "start":{"hour":11, "minute":58},
        "end":{"hour":12, "minute":30},
        "info":{}
      },
      "Lunch":{
        "period":"Lunch",
        "start":{"hour":12, "minute":30},
        "end":{"hour":13, "minute":10},
        "info":null
      },
      "p5":{
        "period":"p5",
        "start":{"hour":13, "minute":10},
        "end":{"hour":13, "minute":13},
        "info":null
      },
      "6":{
        "period":"6",
        "start":{"hour":13, "minute":13},
        "end":{"hour":13, "minute":45},
        "info":{}
      },
      "p6":{
        "period":"p6",
        "start":{"hour":13, "minute":45},
        "end":{"hour":13, "minute":48},
        "info":null
      },
      "7":{
        "period":"7",
        "start":{"hour":13, "minute":48},
        "end":{"hour":14, "minute":20},
        "info":{}
      },
      "p6":{
        "period":"p6",
        "start":{"hour":14, "minute":20},
        "end":{"hour":14, "minute":23},
        "info":null
      },
      "8":{
        "period":"8",
        "start":{"hour":14, "minute":23},
        "end":{"hour":14, "minute":55},
        "info":{}
      }
    },
    "tuesday":{
      "2":{
    		"period":"2",
    		"start":{"hour":7, "minute":55},
    		"end":{"hour":8, "minute":59},
    		"info":{}
    	},
      "p2":{
    		"period":"p2",
    		"start":{"hour":8, "minute":59},
    		"end":{"hour":9, "minute":2},
    		"info":null
    	},
      "3":{
    		"period":"3",
    		"start":{"hour":9, "minute":2},
    		"end":{"hour":10, "minute":0},
    		"info":{}
    	},
      "Break":{
    		"period":"Break",
    		"start":{"hour":10, "minute":0},
    		"end":{"hour":10, "minute":10},
    		"info":null
    	},
      "p3":{
    		"period":"p3",
    		"start":{"hour":10, "minute":10},
    		"end":{"hour":10, "minute":13},
    		"info":null
    	},
      "4":{
    		"period":"4",
    		"start":{"hour":10, "minute":13},
    		"end":{"hour":11, "minute":11},
    		"info":{}
    	},
      "p4":{
    		"period":"p4",
    		"start":{"hour":11, "minute":11},
    		"end":{"hour":11, "minute":14},
    		"info":null
    	},
      "6":{
    		"period":"6",
    		"start":{"hour":11, "minute":14},
    		"end":{"hour":12, "minute":12},
    		"info":{}
    	},
      "Lunch":{
    		"period":"Lunch",
    		"start":{"hour":12, "minute":12},
    		"end":{"hour":12, "minute":52},
    		"info":null
    	},
      "p5":{
    		"period":"p5",
    		"start":{"hour":12, "minute":52},
    		"end":{"hour":12, "minute":56},
    		"info":null
    	},
      "7":{
    		"period":"7",
    		"start":{"hour":12, "minute":56},
    		"end":{"hour":13, "minute":54},
    		"info":{}
    	},
      "p6":{
    		"period":"p6",
    		"start":{"hour":13, "minute":54},
    		"end":{"hour":13, "minute":57},
    		"info":null
    	},
      "8":{
    		"period":"8",
    		"start":{"hour":13, "minute":57},
    		"end":{"hour":14, "minute":55},
    		"info":{}
    	}
    },
    "wednesday":{
      "1":{
    		"period":"1",
    		"start":{"hour":7, "minute":55},
    		"end":{"hour":8, "minute":59},
    		"info":{}
    	},
      "p2":{
    		"period":"p2",
    		"start":{"hour":8, "minute":59},
    		"end":{"hour":9, "minute":2},
    		"info":null
    	},
      "3":{
    		"period":"3",
    		"start":{"hour":9, "minute":2},
    		"end":{"hour":10, "minute":0},
    		"info":{}
    	},
      "Break":{
    		"period":"Break",
    		"start":{"hour":10, "minute":0},
    		"end":{"hour":10, "minute":10},
    		"info":null
    	},
      "p3":{
    		"period":"p3",
    		"start":{"hour":10, "minute":10},
    		"end":{"hour":10, "minute":13},
    		"info":null
    	},
      "4":{
    		"period":"4",
    		"start":{"hour":10, "minute":13},
    		"end":{"hour":11, "minute":11},
    		"info":{}
    	},
      "p4":{
    		"period":"p4",
    		"start":{"hour":11, "minute":11},
    		"end":{"hour":11, "minute":14},
    		"info":null
    	},
      "5":{
    		"period":"5",
    		"start":{"hour":11, "minute":14},
    		"end":{"hour":12, "minute":12},
    		"info":{}
    	},
      "Lunch":{
    		"period":"Lunch",
    		"start":{"hour":12, "minute":12},
    		"end":{"hour":12, "minute":52},
    		"info":null
    	},
      "p5":{
    		"period":"p5",
    		"start":{"hour":12, "minute":52},
    		"end":{"hour":12, "minute":56},
    		"info":null
    	},
      "7":{
    		"period":"7",
    		"start":{"hour":12, "minute":56},
    		"end":{"hour":13, "minute":54},
    		"info":{}
    	},
      "p6":{
    		"period":"p6",
    		"start":{"hour":13, "minute":54},
    		"end":{"hour":13, "minute":57},
    		"info":null
    	},
      "8":{
    		"period":"8",
    		"start":{"hour":13, "minute":57},
    		"end":{"hour":14, "minute":55},
    		"info":{}
    	}
    },
    "thursday":{
      "1":{
    		"period":"1",
    		"start":{"hour":7, "minute":55},
    		"end":{"hour":8, "minute":59},
    		"info":{}
    	},
      "p2":{
    		"period":"p2",
    		"start":{"hour":8, "minute":59},
    		"end":{"hour":9, "minute":2},
    		"info":null
    	},
      "2":{
    		"period":"2",
    		"start":{"hour":9, "minute":2},
    		"end":{"hour":10, "minute":0},
    		"info":{}
    	},
      "Break":{
    		"period":"Break",
    		"start":{"hour":10, "minute":0},
    		"end":{"hour":10, "minute":10},
    		"info":null
    	},
      "p3":{
    		"period":"p3",
    		"start":{"hour":10, "minute":10},
    		"end":{"hour":10, "minute":13},
    		"info":null
    	},
      "4":{
    		"period":"4",
    		"start":{"hour":10, "minute":13},
    		"end":{"hour":11, "minute":11},
    		"info":{}
    	},
      "p4":{
    		"period":"p4",
    		"start":{"hour":11, "minute":11},
    		"end":{"hour":11, "minute":14},
    		"info":null
    	},
      "5":{
    		"period":"5",
    		"start":{"hour":11, "minute":14},
    		"end":{"hour":12, "minute":12},
    		"info":{}
    	},
      "Lunch":{
    		"period":"Lunch",
    		"start":{"hour":12, "minute":12},
    		"end":{"hour":12, "minute":52},
    		"info":null
    	},
      "p5":{
    		"period":"p5",
    		"start":{"hour":12, "minute":52},
    		"end":{"hour":12, "minute":56},
    		"info":null
    	},
      "6":{
    		"period":"6",
    		"start":{"hour":12, "minute":56},
    		"end":{"hour":13, "minute":54},
    		"info":{}
    	},
      "p6":{
    		"period":"p6",
    		"start":{"hour":13, "minute":54},
    		"end":{"hour":13, "minute":57},
    		"info":null
    	},
      "8":{
    		"period":"8",
    		"start":{"hour":13, "minute":57},
    		"end":{"hour":14, "minute":55},
    		"info":{}
    	}
    },
    "friday":{
      "1":{
    		"period":"1",
    		"start":{"hour":7, "minute":55},
    		"end":{"hour":8, "minute":59},
    		"info":{}
    	},
      "p2":{
    		"period":"p2",
    		"start":{"hour":8, "minute":59},
    		"end":{"hour":9, "minute":2},
    		"info":null
    	},
      "2":{
    		"period":"2",
    		"start":{"hour":9, "minute":2},
    		"end":{"hour":10, "minute":0},
    		"info":{}
    	},
      "Break":{
    		"period":"Break",
    		"start":{"hour":10, "minute":0},
    		"end":{"hour":10, "minute":10},
    		"info":null
    	},
      "p3":{
    		"period":"p3",
    		"start":{"hour":10, "minute":10},
    		"end":{"hour":10, "minute":13},
    		"info":null
    	},
      "3":{
    		"period":"3",
    		"start":{"hour":10, "minute":13},
    		"end":{"hour":11, "minute":11},
    		"info":{}
    	},
      "p4":{
    		"period":"p4",
    		"start":{"hour":11, "minute":11},
    		"end":{"hour":11, "minute":14},
    		"info":null
    	},
      "5":{
    		"period":"5",
    		"start":{"hour":11, "minute":14},
    		"end":{"hour":12, "minute":12},
    		"info":{}
    	},
      "Lunch":{
    		"period":"Lunch",
    		"start":{"hour":12, "minute":12},
    		"end":{"hour":12, "minute":52},
    		"info":null
    	},
      "p5":{
    		"period":"p5",
    		"start":{"hour":12, "minute":52},
    		"end":{"hour":12, "minute":56},
    		"info":null
    	},
      "6":{
    		"period":"6",
    		"start":{"hour":12, "minute":56},
    		"end":{"hour":13, "minute":54},
    		"info":{}
    	},
      "p6":{
    		"period":"p6",
    		"start":{"hour":13, "minute":54},
    		"end":{"hour":13, "minute":57},
    		"info":null
    	},
      "7":{
    		"period":"7",
    		"start":{"hour":13, "minute":57},
    		"end":{"hour":14, "minute":55},
    		"info":{}
    	}
    },
    "minimum":{
      "1":{
    		"period":"1",
    		"start":{"hour":7, "minute":55},
    		"end":{"hour":8, "minute":26},
    		"info":{}
    	},
      "p2":{
    		"period":"p2",
    		"start":{"hour":8, "minute":26},
    		"end":{"hour":8, "minute":29},
    		"info":null
    	},
      "2":{
    		"period":"2",
    		"start":{"hour":8, "minute":29},
    		"end":{"hour":8, "minute":58},
    		"info":{}
    	},
      "p3":{
    		"period":"p3",
    		"start":{"hour":8, "minute":58},
    		"end":{"hour":9, "minute":1},
    		"info":null
    	},
      "3":{
    		"period":"3",
    		"start":{"hour":9, "minute":1},
    		"end":{"hour":9, "minute":30},
    		"info":{}
    	},
      "p4":{
    		"period":"p4",
    		"start":{"hour":9, "minute":30},
    		"end":{"hour":9, "minute":33},
    		"info":null
    	},
      "4":{
    		"period":"4",
    		"start":{"hour":9, "minute":33},
    		"end":{"hour":10, "minute":2},
    		"info":{}
    	},
      "Break":{
    		"period":"Break",
    		"start":{"hour":10, "minute":2},
    		"end":{"hour":10, "minute":12},
    		"info":null
    	},
      "p5":{
    		"period":"p5",
    		"start":{"hour":10, "minute":12},
    		"end":{"hour":10, "minute":15},
    		"info":null
    	},
      "5":{
    		"period":"5",
    		"start":{"hour":10, "minute":15},
    		"end":{"hour":10, "minute":44},
    		"info":{}
    	},
      "p6":{
    		"period":"p6",
    		"start":{"hour":10, "minute":44},
    		"end":{"hour":10, "minute":47},
    		"info":null
    	},
      "6":{
    		"period":"6",
    		"start":{"hour":10, "minute":47},
    		"end":{"hour":11, "minute":16},
    		"info":{}
    	},
      "p7":{
    		"period":"p7",
    		"start":{"hour":11, "minute":16},
    		"end":{"hour":11, "minute":19},
    		"info":null
    	},
      "7":{
    		"period":"7",
    		"start":{"hour":11, "minute":19},
    		"end":{"hour":11, "minute":48},
    		"info":{}
    	},
      "p8":{
    		"period":"p8",
    		"start":{"hour":11, "minute":48},
    		"end":{"hour":11, "minute":51},
    		"info":null
    	},
      "8":{
    		"period":"8",
    		"start":{"hour":11, "minute":51},
    		"end":{"hour":12, "minute":20},
    		"info":{}
    	}
    },
    "minimum_days":[
      {"name":"First Day Of School", "date":{"year":2018, "month":7, "day":20}},
      {"name":"Back To School Night", "date":{"year":2018, "month":7, "day":28}},
      {"name":"School Conferences", "date":{"year":2018, "month":9, "day":1}},
      {"name":"School Conferences", "date":{"year":2018, "month":9, "day":2}},
      {"name":"School Conferences", "date":{"year":2018, "month":9, "day":3}},
      {"name":"School Conferences", "date":{"year":2018, "month":9, "day":4}},
      {"name":"School Conferences", "date":{"year":2018, "month":9, "day":5}},
      {"name":"End of First Trimester", "date":{"year":2018, "month":10, "day":2}},
      {"name":"End of Second Trimester", "date":{"year":2019, "month":1, "day":15}},
      {"name":"End of Third Trimester", "date":{"year":2019, "month":4, "day":24}},
      {"name":"Last Day of School", "date":{"year":2019, "month":5, "day":7}}
    ],
    "days_off":[
  		{"name": "Labor Day", "date":{"year":2018, "month":8, "day":3}},
  		{"name": "Veterans Day", "date":{"year":2018, "month":10, "day":12}},
  		{"name": "Thanksgiving Break", "date":{"year":2018, "month":10, "day":21}},
      {"name": "Thanksgiving Break", "date":{"year":2018, "month":10, "day":22}},
      {"name": "Thanksgiving Break", "date":{"year":2018, "month":10, "day":23}},
  		{"name": "Winter/Holiday Break", "date":{"year":2018, "month":11, "day":24}},
      {"name": "Winter/Holiday Break", "date":{"year":2018, "month":11, "day":25}},
      {"name": "Winter/Holiday Break", "date":{"year":2018, "month":11, "day":26}},
      {"name": "Winter/Holiday Break", "date":{"year":2018, "month":11, "day":27}},
      {"name": "Winter/Holiday Break", "date":{"year":2018, "month":11, "day":28}},
      {"name": "Winter/Holiday Break", "date":{"year":2018, "month":11, "day":31}},
      {"name": "Winter/Holiday Break", "date":{"year":2019, "month":0, "day":1}},
      {"name": "Winter/Holiday Break", "date":{"year":2019, "month":0, "day":2}},
      {"name": "Winter/Holiday Break", "date":{"year":2019, "month":0, "day":3}},
      {"name": "Winter/Holiday Break", "date":{"year":2019, "month":0, "day":4}},
      {"name": "Staff Development Day", "date":{"year":2019, "month":0, "day":7}},
  		{"name": "Martin Luther King Jr Day", "date":{"year":2019, "month":0, "day":21}},
  		{"name": "Spring Break", "date":{"year":2019, "month":1, "day":19}},
      {"name": "Spring Break", "date":{"year":2019, "month":1, "day":20}},
      {"name": "Spring Break", "date":{"year":2019, "month":1, "day":21}},
      {"name": "Spring Break", "date":{"year":2019, "month":1, "day":22}},
      {"name": "St Patrick's day", "date":{"year":2019, "month":2, "day":18}},
  		{"name": "Staff Development Day", "date":{"year":2019, "month":2, "day":19}},
  		{"name": "Spring Break", "date":{"year":2019, "month":3, "day":15}},
      {"name": "Spring Break", "date":{"year":2019, "month":3, "day":16}},
      {"name": "Spring Break", "date":{"year":2019, "month":3, "day":17}},
      {"name": "Spring Break", "date":{"year":2019, "month":3, "day":18}},
      {"name": "Spring Break", "date":{"year":2019, "month":3, "day":19}},
      {"name": "Memorial Day", "date":{"year":2019, "month":4, "day":27}}
  	],
    "school_year":{"start":{"year":2018, "month":7, "day":20}, "end":{"year":2019, "month":5, "day":7}}
}
